{
  "id": "",
  "name": "",
  "font_family": "iconfont",
  "css_prefix_text": "icon-",
  "description": "",
  "glyphs": [
    {
      "icon_id": "233736",
      "name": "顶部",
      "font_class": "dingbu",
      "unicode": "e64f",
      "unicode_decimal": 58959
    },
    {
      "icon_id": "681016",
      "name": "编辑",
      "font_class": "bianji",
      "unicode": "e729",
      "unicode_decimal": 59177
    },
    {
      "icon_id": "774515",
      "name": "喜欢",
      "font_class": "xihuan",
      "unicode": "e6a3",
      "unicode_decimal": 59043
    },
    {
      "icon_id": "826081",
      "name": "保存",
      "font_class": "baocun",
      "unicode": "e702",
      "unicode_decimal": 59138
    },
    {
      "icon_id": "1072933",
      "name": "动态",
      "font_class": "dongtai",
      "unicode": "e650",
      "unicode_decimal": 58960
    },
    {
      "icon_id": "1176562",
      "name": "我的主页",
      "font_class": "wodezhuye",
      "unicode": "e617",
      "unicode_decimal": 58903
    },
    {
      "icon_id": "1294838",
      "name": "热门",
      "font_class": "remen",
      "unicode": "e633",
      "unicode_decimal": 58931
    },
    {
      "icon_id": "1447779",
      "name": "动态",
      "font_class": "dongtai1",
      "unicode": "e629",
      "unicode_decimal": 58921
    },
    {
      "icon_id": "1617230",
      "name": "视频",
      "font_class": "shipin",
      "unicode": "e624",
      "unicode_decimal": 58916
    },
    {
      "icon_id": "2260342",
      "name": "私信",
      "font_class": "sixin",
      "unicode": "e609",
      "unicode_decimal": 58889
    },
    {
      "icon_id": "2836399",
      "name": "文章",
      "font_class": "wenzhang",
      "unicode": "e734",
      "unicode_decimal": 59188
    },
    {
      "icon_id": "3387681",
      "name": "发布",
      "font_class": "fabu",
      "unicode": "e908",
      "unicode_decimal": 59656
    },
    {
      "icon_id": "3495502",
      "name": "帮助",
      "font_class": "bangzhu",
      "unicode": "e850",
      "unicode_decimal": 59472
    },
    {
      "icon_id": "4733864",
      "name": "关注",
      "font_class": "guanzhu",
      "unicode": "e61e",
      "unicode_decimal": 58910
    },
    {
      "icon_id": "4827006",
      "name": "其他",
      "font_class": "qita1",
      "unicode": "e512",
      "unicode_decimal": 58642
    },
    {
      "icon_id": "4933309",
      "name": "发现",
      "font_class": "faxian",
      "unicode": "e720",
      "unicode_decimal": 59168
    },
    {
      "icon_id": "5657238",
      "name": "点赞",
      "font_class": "dianzan",
      "unicode": "e5bf",
      "unicode_decimal": 58815
    },
    {
      "icon_id": "6234767",
      "name": "消息",
      "font_class": "duomeitiicon-",
      "unicode": "e60d",
      "unicode_decimal": 58893
    },
    {
      "icon_id": "6337454",
      "name": "分割线",
      "font_class": "fengexian",
      "unicode": "ec7f",
      "unicode_decimal": 60543
    },
    {
      "icon_id": "6664169",
      "name": "i",
      "font_class": "i",
      "unicode": "e616",
      "unicode_decimal": 58902
    },
    {
      "icon_id": "7273878",
      "name": "退出",
      "font_class": "tuichu",
      "unicode": "e62c",
      "unicode_decimal": 58924
    },
    {
      "icon_id": "7775063",
      "name": "表格",
      "font_class": "biaoge",
      "unicode": "e642",
      "unicode_decimal": 58946
    },
    {
      "icon_id": "8922351",
      "name": "音频",
      "font_class": "yinpin",
      "unicode": "e60b",
      "unicode_decimal": 58891
    },
    {
      "icon_id": "9437263",
      "name": "B",
      "font_class": "B",
      "unicode": "e606",
      "unicode_decimal": 58886
    },
    {
      "icon_id": "9437945",
      "name": "H",
      "font_class": "H",
      "unicode": "e60a",
      "unicode_decimal": 58890
    },
    {
      "icon_id": "9875434",
      "name": "搜索",
      "font_class": "sousuo",
      "unicode": "e7f4",
      "unicode_decimal": 59380
    },
    {
      "icon_id": "13412903",
      "name": "连接",
      "font_class": "lianjie",
      "unicode": "e620",
      "unicode_decimal": 58912
    },
    {
      "icon_id": "15248741",
      "name": "收 藏",
      "font_class": "shoucang8",
      "unicode": "eacf",
      "unicode_decimal": 60111
    },
    {
      "icon_id": "16315168",
      "name": "设 置",
      "font_class": "shezhi",
      "unicode": "e622",
      "unicode_decimal": 58914
    },
    {
      "icon_id": "18553103",
      "name": "投稿",
      "font_class": "tougao",
      "unicode": "e60e",
      "unicode_decimal": 58894
    },
    {
      "icon_id": "19657962",
      "name": "图 片",
      "font_class": "image",
      "unicode": "e62a",
      "unicode_decimal": 58922
    },
    {
      "icon_id": "19713242",
      "name": "首 页",
      "font_class": "shouye",
      "unicode": "e505",
      "unicode_decimal": 58629
    },
    {
      "icon_id": "20804653",
      "name": "评 论",
      "font_class": "pinglun",
      "unicode": "e5c5",
      "unicode_decimal": 58821
    }
  ]
}
